day,canopy_cover,biomass,yield,soil_moisture,water_stress,et
0,0.00,0.00,0.00,0.00,0.00,0.00
1,0.00,0.00,0.00,-9.90,0.00,1.46
2,0.00,0.00,0.00,-9.90,0.00,2.23
3,0.00,0.00,0.00,-9.90,0.00,4.14
4,0.00,0.00,0.00,-9.90,0.00,6.60
5,0.00,0.00,0.00,-9.90,0.00,7.70
6,0.00,0.00,0.00,-9.90,0.00,10.12
7,0.00,0.00,0.00,-9.90,0.00,10.89
8,0.00,0.00,0.00,-9.90,0.00,11.77
9,0.00,0.00,0.00,-9.90,0.00,13.86
10,0.00,0.00,0.00,-9.90,0.00,16.17
11,0.00,0.00,0.00,-9.90,0.00,16.94
12,0.00,0.00,0.00,-9.90,0.00,17.60
13,0.00,0.00,0.00,-9.90,0.00,18.81
14,0.00,0.00,0.00,-9.90,0.00,19.69
15,0.00,0.00,0.00,-9.90,0.00,22.34
16,0.00,0.00,0.00,-9.90,0.00,24.57
17,0.00,0.00,0.00,-9.90,0.00,26.07
18,0.00,0.00,0.00,-9.90,0.00,27.49
19,0.00,0.00,0.00,-9.90,0.00,29.38
20,0.00,0.00,0.00,-9.90,0.00,30.71
21,0.00,0.00,0.00,-9.90,0.00,32.00
22,0.00,0.00,0.00,-9.90,0.00,32.81
23,0.00,0.00,0.00,-9.90,0.00,34.57
24,0.00,0.00,0.00,-9.90,0.00,36.33
25,0.00,0.00,0.00,-9.90,0.00,38.52
26,0.00,0.00,0.00,-9.90,0.00,40.66
27,0.00,0.00,0.00,-9.90,0.00,41.98
28,0.00,0.00,0.00,-9.90,0.00,42.97
29,0.00,0.00,0.00,-9.90,0.00,45.32
30,0.00,0.00,0.00,-9.90,0.00,47.92
31,0.00,0.00,0.00,120.16,0.00,49.46
32,0.00,0.00,0.00,117.52,0.00,52.10
33,0.00,0.00,0.00,114.12,0.00,55.50
34,0.00,0.00,0.00,112.38,0.00,57.24
35,0.00,0.00,0.00,110.36,0.00,59.26
36,0.00,0.00,0.00,108.37,0.00,61.25
37,0.00,0.00,0.00,106.82,0.00,62.79
38,0.00,0.00,0.00,117.38,0.00,64.53
39,0.00,0.00,0.00,131.59,0.00,65.47
40,0.00,0.00,0.00,144.05,0.00,66.53
41,0.00,0.00,0.00,153.75,0.00,68.53
42,0.00,0.00,0.00,162.18,0.00,69.51
43,7.08,0.01,0.00,170.14,0.00,70.26
44,7.43,0.02,0.00,177.57,0.00,71.01
45,7.79,0.04,0.00,186.11,0.00,73.03
46,8.17,0.06,0.00,194.28,0.00,75.89
47,8.57,0.08,0.00,200.60,0.00,76.85
48,8.99,0.11,0.00,208.59,0.00,78.73
49,9.43,0.12,0.00,214.37,0.00,79.89
50,9.89,0.13,0.00,220.81,0.00,80.28
51,10.37,0.14,0.00,227.08,0.00,80.62
52,10.88,0.16,0.00,233.10,0.00,80.95
53,11.41,0.19,0.00,240.39,0.00,82.75
54,11.96,0.22,0.00,244.42,0.00,84.25
55,12.55,0.25,0.00,257.31,0.00,86.71
56,13.16,0.29,0.00,269.72,0.00,88.37
57,13.80,0.32,0.00,271.81,0.00,91.63
58,14.48,0.35,0.00,273.65,0.00,95.02
59,15.18,0.37,0.00,280.15,0.00,96.52
60,15.93,0.41,0.00,285.63,0.00,98.83
61,16.70,0.45,0.00,304.54,0.00,99.81
62,17.52,0.49,0.00,312.45,0.00,101.41
63,18.38,0.54,0.00,314.34,0.00,104.09
64,19.27,0.59,0.00,316.26,0.00,106.26
65,20.22,0.64,0.00,336.00,0.00,107.40
66,21.20,0.70,0.00,342.93,0.00,108.97
67,22.24,0.76,0.00,347.79,0.00,110.06
68,23.28,0.81,0.00,351.00,0.00,111.63
69,24.28,0.85,0.00,352.39,0.00,113.26
70,25.23,0.89,0.00,352.27,0.00,115.70
71,26.13,0.95,0.00,351.99,0.00,117.62
72,26.99,1.02,0.00,352.84,0.00,118.70
73,27.81,1.09,0.00,354.57,0.00,120.50
74,28.59,1.17,0.00,363.88,0.00,121.53
75,29.33,1.24,0.00,364.65,0.00,123.63
76,30.04,1.31,0.00,364.92,0.00,125.16
77,30.71,1.38,0.00,365.07,0.00,126.52
78,31.36,1.46,0.00,365.07,0.00,127.68
79,31.97,1.54,0.00,365.14,0.00,128.56
80,32.55,1.62,0.00,366.11,0.00,130.39
81,33.10,1.70,0.00,370.02,0.00,131.49
82,33.63,1.75,0.00,375.23,0.00,132.18
83,34.13,1.83,0.00,378.39,0.00,133.21
84,34.61,1.91,0.00,379.00,0.00,134.29
85,35.06,2.00,0.00,379.65,0.00,134.81
86,35.49,2.09,0.00,380.97,0.00,136.11
87,35.90,2.18,0.00,383.04,0.00,137.59
88,36.29,2.26,0.00,382.54,0.00,138.42
89,36.66,2.35,0.00,382.33,0.00,138.76
90,37.01,2.45,0.00,385.73,0.00,141.33
91,37.34,2.54,0.00,384.29,0.00,143.45
92,37.66,2.63,0.00,383.41,0.00,144.57
93,37.95,2.72,0.00,383.58,0.00,144.72
94,38.23,2.81,0.00,392.88,0.00,145.81
95,38.50,2.91,0.00,393.31,0.00,147.37
96,38.75,3.00,0.00,393.37,0.00,147.55
97,38.99,3.09,0.00,395.17,0.00,149.38
98,39.21,3.19,0.00,394.85,0.00,150.86
99,39.42,3.28,0.00,394.53,0.00,152.52
100,39.62,3.38,0.00,394.19,0.00,152.62
101,39.80,3.47,0.00,394.93,0.00,153.74
102,39.97,3.57,0.00,395.35,0.00,155.06
103,40.13,3.67,0.00,409.77,0.00,155.80
104,40.28,3.76,0.00,414.86,0.00,157.09
105,40.42,3.86,0.00,415.03,0.00,158.24
106,40.54,3.96,0.00,427.33,0.00,158.88
107,40.66,4.05,0.00,428.08,0.00,160.69
108,40.76,4.15,0.00,428.53,0.00,161.87
109,40.85,4.25,0.00,439.24,0.00,163.57
110,40.94,4.35,0.00,437.85,0.00,165.38
111,41.01,4.44,0.00,435.29,0.00,166.71
112,41.07,4.54,0.00,432.51,0.00,168.11
113,41.12,4.64,0.08,440.95,0.00,169.37
114,41.15,4.74,0.11,453.89,0.00,170.39
115,41.18,4.84,0.14,458.52,0.00,171.31
116,41.19,4.93,0.19,459.33,0.00,172.23
117,39.43,5.02,0.25,458.80,0.00,173.13
118,39.52,5.11,0.32,457.86,0.00,174.19
119,39.59,5.20,0.42,465.14,0.00,175.40
120,39.67,5.29,0.53,468.23,0.00,176.35
121,39.74,5.38,0.68,466.76,0.00,177.05
122,39.81,5.47,0.84,463.78,0.00,178.46
123,39.87,5.56,1.01,460.11,0.00,180.15
124,39.93,5.65,1.18,458.77,0.00,181.60
125,39.99,5.75,1.35,455.63,0.00,183.46
126,40.05,5.84,1.53,451.72,0.00,184.86
127,40.10,5.93,1.72,448.14,0.00,185.85
128,40.15,6.03,1.91,444.70,0.00,186.58
129,40.20,6.12,2.11,441.47,0.00,187.10
130,40.25,6.22,2.31,438.51,0.00,187.46
131,40.29,6.31,2.52,435.71,0.00,187.72
132,40.33,6.41,2.73,433.29,0.00,187.88
133,40.37,6.50,2.95,431.42,0.00,189.11
134,40.41,6.60,3.17,433.06,0.00,190.59
135,40.45,6.69,3.40,437.41,0.00,191.97
136,40.48,6.79,3.63,437.11,0.00,193.05
137,40.51,6.88,3.87,451.41,0.00,193.54
138,40.54,6.97,4.11,451.68,0.00,194.82
139,40.57,7.06,4.36,447.86,0.00,196.54
140,40.60,7.15,4.61,445.12,0.00,197.24
141,40.63,7.25,4.87,444.79,0.00,198.47
142,40.66,7.34,4.93,443.37,0.00,199.11
143,0.00,7.34,4.93,444.01,0.00,200.87
144,0.00,7.34,4.93,452.99,0.00,202.19
145,0.00,7.34,4.93,462.84,0.00,203.40
146,0.00,7.34,4.93,463.41,0.00,204.83
147,0.00,7.34,4.93,461.13,0.00,207.11
148,0.00,7.34,4.93,470.15,0.00,208.21
149,0.00,7.34,4.93,475.59,0.00,209.31
150,0.00,7.34,4.93,472.29,0.00,212.61
151,0.00,7.34,4.93,472.93,0.00,214.37
152,0.00,7.34,4.93,469.78,0.00,217.52
153,0.00,7.34,4.93,468.25,0.00,219.05
154,0.00,7.34,4.93,468.04,0.00,220.26
155,0.00,7.34,4.93,468.85,0.00,221.25
156,0.00,7.34,4.93,467.33,0.00,222.77
157,0.00,7.34,4.93,479.12,0.00,223.54
158,0.00,7.34,4.93,489.19,0.00,224.53
159,0.00,7.34,4.93,491.21,0.00,226.07
160,0.00,7.34,4.93,491.69,0.00,227.94
161,0.00,7.34,4.93,485.37,0.00,230.58
162,0.00,7.34,4.93,481.87,0.00,232.63
163,0.00,7.34,4.93,481.88,0.00,234.72
164,0.00,7.34,4.93,482.66,0.00,235.49
165,0.00,7.34,4.93,483.56,0.00,236.26
166,0.00,7.34,4.93,482.29,0.00,237.36
167,0.00,7.34,4.93,483.20,0.00,238.90
