day,canopy_cover,biomass,soil_moisture,yield
0,0.00,0.00,0.00,0.00
1,0.00,0.00,7.69,0.00
2,0.00,0.00,17.52,0.00
3,0.00,0.00,18.01,0.00
4,0.00,0.00,17.52,0.00
5,0.00,0.00,17.52,0.00
6,0.00,0.00,17.52,0.00
7,0.00,0.00,17.52,0.00
8,0.00,0.00,18.76,0.00
9,0.00,0.00,17.52,0.00
10,0.00,0.00,17.52,0.00
11,0.00,0.00,17.52,0.00
12,0.00,0.00,17.52,0.00
13,0.00,0.00,17.52,0.00
14,0.00,0.00,18.72,0.00
15,0.00,0.00,17.52,0.00
16,0.00,0.00,17.52,0.00
17,0.00,0.00,17.52,0.00
18,0.00,0.00,17.52,0.00
19,0.00,0.00,17.52,0.00
20,0.00,0.00,20.05,0.00
21,0.00,0.00,29.66,0.00
22,0.00,0.00,32.06,0.00
23,0.00,0.00,31.78,0.00
24,0.00,0.00,31.08,0.00
25,0.00,0.00,30.40,0.00
26,0.00,0.00,36.15,0.00
27,0.00,0.00,39.42,0.00
28,0.00,0.00,40.52,0.00
29,0.00,0.00,40.99,0.00
30,0.00,0.00,41.81,0.00
31,0.00,0.00,39.58,0.00
32,0.00,0.00,41.61,0.00
33,0.00,0.00,38.44,0.00
34,6.10,0.02,35.11,0.00
35,6.85,0.04,32.65,0.00
36,7.68,0.07,30.68,0.00
37,8.62,0.10,28.84,0.00
38,9.67,0.13,27.14,0.00
39,10.59,0.15,25.64,0.00
40,11.40,0.18,24.44,0.00
41,11.96,0.20,23.21,0.00
42,12.60,0.22,22.73,0.00
43,13.50,0.24,22.55,0.00
44,15.19,0.28,30.30,0.00
45,17.07,0.34,38.32,0.00
46,19.20,0.40,38.91,0.00
47,21.59,0.47,38.05,0.00
48,24.28,0.55,41.15,0.00
49,27.30,0.62,42.00,0.00
50,30.70,0.72,41.05,0.00
51,34.52,0.82,46.42,0.00
52,38.81,0.89,57.58,0.00
53,43.64,0.94,70.34,0.00
54,43.64,0.94,81.54,0.00
55,43.64,0.94,81.54,0.00
56,43.64,0.94,81.54,0.00
57,43.64,0.94,81.54,0.00
58,43.64,0.94,81.54,0.00
59,43.64,0.94,81.54,0.00
60,43.64,0.94,81.54,0.00
61,43.64,0.94,81.54,0.00
62,43.64,0.94,81.54,0.00
63,43.64,0.94,81.54,0.00
64,43.64,0.94,81.54,0.00
65,43.64,0.94,81.54,0.00
66,43.64,0.94,81.54,0.00
67,43.64,0.94,81.54,0.00
68,43.64,0.94,81.54,0.00
69,43.64,0.94,81.54,0.00
70,43.64,0.94,81.54,0.00
71,43.64,0.94,81.54,0.00
72,43.64,0.94,81.54,0.00
73,43.64,0.94,81.54,0.00
74,43.64,0.94,81.54,0.00
75,43.64,0.94,81.54,0.00
76,43.64,0.94,81.54,0.00
77,43.64,0.94,81.54,0.00
78,43.64,0.94,81.54,0.00
79,43.64,0.94,81.54,0.00
80,43.64,0.94,81.54,0.00
81,43.64,0.94,81.54,0.00
82,43.64,0.94,81.54,0.00
83,43.64,0.94,81.54,0.00
84,43.64,0.94,81.54,0.00
85,43.64,0.94,81.54,0.00
86,43.64,0.94,81.54,0.00
87,43.64,0.94,81.54,0.00
88,43.64,0.94,81.54,0.00
89,43.64,0.94,81.54,0.00
90,43.64,0.94,81.54,0.00
91,43.64,0.94,81.54,0.00
92,43.64,0.94,81.54,0.00
93,43.64,0.94,81.54,0.00
94,43.64,0.94,81.54,0.00
95,43.64,0.94,81.54,0.00
96,43.64,0.94,81.54,0.00
97,43.64,0.94,81.54,0.00
98,43.64,0.94,81.54,0.00
99,43.64,0.94,81.54,0.00
100,43.64,0.94,81.54,0.00
101,43.64,0.94,81.54,0.00
102,43.64,0.94,81.54,0.04
103,43.64,0.94,81.54,0.05
104,43.64,0.94,81.54,0.06
105,43.64,0.94,81.54,0.08
106,43.64,0.94,81.54,0.10
107,43.64,0.94,81.54,0.12
108,43.64,0.94,81.54,0.14
109,43.64,0.94,81.54,0.16
110,43.64,0.94,81.54,0.18
111,43.64,0.94,81.54,0.20
112,43.64,0.94,81.54,0.22
113,43.64,0.94,81.54,0.24
114,43.64,0.94,81.54,0.26
115,43.64,0.94,81.54,0.28
116,43.64,0.94,81.54,0.30
117,43.64,0.94,81.54,0.32
118,43.64,0.94,81.54,0.34
119,43.64,0.94,81.54,0.36
120,43.64,0.94,81.54,0.39
121,43.64,0.94,81.54,0.41
122,43.64,0.94,81.54,0.43
123,43.64,0.94,81.54,0.45
124,43.64,0.94,81.54,0.47
125,43.64,0.94,81.54,0.49
126,43.64,0.94,81.54,0.50
127,43.64,0.94,81.54,0.50
128,43.64,0.94,81.54,0.50
129,43.64,0.94,81.54,0.50
130,43.64,0.94,81.54,0.50
131,30.62,0.94,81.54,0.50
132,28.98,0.94,81.54,0.50
133,27.18,0.94,81.54,0.50
134,25.19,0.94,81.54,0.50
135,22.99,0.94,81.54,0.50
136,20.57,0.94,81.54,0.50
137,17.89,0.94,81.54,0.50
138,14.94,0.94,81.54,0.50
139,11.69,0.94,81.54,0.50
140,8.09,0.94,81.54,0.50
141,4.13,0.94,81.54,0.50
142,0.00,0.94,81.54,0.50
143,0.00,0.94,81.54,0.50
144,0.00,0.94,81.54,0.50
145,0.00,0.94,81.54,0.50
146,0.00,0.94,81.54,0.50
147,0.00,0.94,81.54,0.50
148,0.00,0.94,81.54,0.50
149,0.00,0.94,81.54,0.50
150,0.00,0.94,81.54,0.50
151,0.00,0.94,81.54,0.50
152,0.00,0.94,81.54,0.50
153,0.00,0.94,81.54,0.50
154,0.00,0.94,81.54,0.50
155,0.00,0.94,81.54,0.50
156,0.00,0.94,81.54,0.50
157,0.00,0.94,81.54,0.50
158,0.00,0.94,81.54,0.50
159,0.00,0.94,81.54,0.50
160,0.00,0.94,81.54,0.50
161,0.00,0.94,81.54,0.50
162,0.00,0.94,81.54,0.50
163,0.00,0.94,81.54,0.50
164,0.00,0.94,81.54,0.50
165,0.00,0.94,81.54,0.50
166,0.00,0.94,81.54,0.50
167,0.00,0.94,81.54,0.50
